fiscal_year,measure,category,amount_thousands,population,cpi_ny_metro,deflator_to_fy2025
2000,operating,city_university,383851,8017608,179.6167,1.89553
2000,operating,education,10674457,8017608,179.6167,1.89553
2000,operating,environmental,1398196,8017608,179.6167,1.89553
2000,operating,fringe_benefits,2065166,8017608,179.6167,1.89553
2000,operating,general_government,1043124,8017608,179.6167,1.89553
2000,operating,health,1777299,8017608,179.6167,1.89553
2000,operating,housing,428644,8017608,179.6167,1.89553
2000,operating,judgments,490669,8017608,179.6167,1.89553
2000,operating,lease_payments,0,8017608,179.6167,1.89553
2000,operating,libraries,232522,8017608,179.6167,1.89553
2000,operating,other_misc,-48848,8017608,179.6167,1.89553
2000,operating,parks,288517,8017608,179.6167,1.89553
2000,operating,pensions,615085,8017608,179.6167,1.89553
2000,operating,public_safety,5648618,8017608,179.6167,1.89553
2000,operating,social_services,8329814,8017608,179.6167,1.89553
2000,operating,transportation,763337,8017608,179.6167,1.89553
2000,operating,debt_service,3789435,8017608,179.6167,1.89553
2000,capital,education,1310043,8017608,179.6167,1.89553
2000,capital,environmental,914984,8017608,179.6167,1.89553
2000,capital,general_government,368199,8017608,179.6167,1.89553
2000,capital,health,75558,8017608,179.6167,1.89553
2000,capital,housing,289845,8017608,179.6167,1.89553
2000,capital,libraries,20947,8017608,179.6167,1.89553
2000,capital,other_capital,138351,8017608,179.6167,1.89553
2000,capital,parks,262070,8017608,179.6167,1.89553
2000,capital,public_safety,522927,8017608,179.6167,1.89553
2000,capital,social_services,0,8017608,179.6167,1.89553
2000,capital,transportation,906559,8017608,179.6167,1.89553
2000,capital,capital_aid_revenue,312537,8017608,179.6167,1.89553
2000,revenue,business_taxes,3589022,8017608,179.6167,1.89553
2000,revenue,charges_for_services,1400506,8017608,179.6167,1.89553
2000,revenue,disallowances,-5000,8017608,179.6167,1.89553
2000,revenue,federal_aid,4417224,8017608,179.6167,1.89553
2000,revenue,fines_forfeitures,468467,8017608,179.6167,1.89553
2000,revenue,investment_income,194753,8017608,179.6167,1.89553
2000,revenue,licenses_permits,328926,8017608,179.6167,1.89553
2000,revenue,other_financing,0,8017608,179.6167,1.89553
2000,revenue,other_grants,431426,8017608,179.6167,1.89553
2000,revenue,other_revenues,448975,8017608,179.6167,1.89553
2000,revenue,other_taxes,1261322,8017608,179.6167,1.89553
2000,revenue,personal_income_tax,5364597,8017608,179.6167,1.89553
2000,revenue,property_tax,7849962,8017608,179.6167,1.89553
2000,revenue,sales_tax,4159944,8017608,179.6167,1.89553
2000,revenue,state_aid,7061723,8017608,179.6167,1.89553
2000,revenue,tax_penalties,34135,8017608,179.6167,1.89553
2000,revenue,tobacco_settlement,247364,8017608,179.6167,1.89553
2000,revenue,unrestricted_aid,631225,8017608,179.6167,1.89553
2000,borrowing,bond_premium,0,8017608,179.6167,1.89553
2000,borrowing,bonds_issued,3125230,8017608,179.6167,1.89553
2000,borrowing,refunding_debt,65828,8017608,179.6167,1.89553
2001,operating,city_university,392936,8059813,185.2083,1.838302
2001,operating,education,11545119,8059813,185.2083,1.838302
2001,operating,environmental,1528271,8059813,185.2083,1.838302
2001,operating,fringe_benefits,2200117,8059813,185.2083,1.838302
2001,operating,general_government,1078423,8059813,185.2083,1.838302
2001,operating,health,1959084,8059813,185.2083,1.838302
2001,operating,housing,477637,8059813,185.2083,1.838302
2001,operating,judgments,594846,8059813,185.2083,1.838302
2001,operating,lease_payments,0,8059813,185.2083,1.838302
2001,operating,libraries,382775,8059813,185.2083,1.838302
2001,operating,other_misc,301698,8059813,185.2083,1.838302
2001,operating,parks,317150,8059813,185.2083,1.838302
2001,operating,pensions,1127129,8059813,185.2083,1.838302
2001,operating,public_safety,5874881,8059813,185.2083,1.838302
2001,operating,social_services,8716971,8059813,185.2083,1.838302
2001,operating,transportation,749682,8059813,185.2083,1.838302
2001,operating,debt_service,2980258,8059813,185.2083,1.838302
2001,capital,education,1716652,8059813,185.2083,1.838302
2001,capital,environmental,1008236,8059813,185.2083,1.838302
2001,capital,general_government,583998,8059813,185.2083,1.838302
2001,capital,health,60426,8059813,185.2083,1.838302
2001,capital,housing,413896,8059813,185.2083,1.838302
2001,capital,libraries,16839,8059813,185.2083,1.838302
2001,capital,other_capital,161991,8059813,185.2083,1.838302
2001,capital,parks,255908,8059813,185.2083,1.838302
2001,capital,public_safety,236331,8059813,185.2083,1.838302
2001,capital,social_services,0,8059813,185.2083,1.838302
2001,capital,transportation,855677,8059813,185.2083,1.838302
2001,capital,capital_aid_revenue,355358,8059813,185.2083,1.838302
2001,revenue,business_taxes,3685224,8059813,185.2083,1.838302
2001,revenue,charges_for_services,1460892,8059813,185.2083,1.838302
2001,revenue,disallowances,-45600,8059813,185.2083,1.838302
2001,revenue,federal_aid,4549764,8059813,185.2083,1.838302
2001,revenue,fines_forfeitures,494704,8059813,185.2083,1.838302
2001,revenue,investment_income,245353,8059813,185.2083,1.838302
2001,revenue,licenses_permits,338241,8059813,185.2083,1.838302
2001,revenue,other_financing,0,8059813,185.2083,1.838302
2001,revenue,other_grants,491753,8059813,185.2083,1.838302
2001,revenue,other_revenues,929745,8059813,185.2083,1.838302
2001,revenue,other_taxes,1330382,8059813,185.2083,1.838302
2001,revenue,personal_income_tax,5757074,8059813,185.2083,1.838302
2001,revenue,property_tax,8245585,8059813,185.2083,1.838302
2001,revenue,sales_tax,4195592,8059813,185.2083,1.838302
2001,revenue,state_aid,7767765,8059813,185.2083,1.838302
2001,revenue,tax_penalties,-3323,8059813,185.2083,1.838302
2001,revenue,tobacco_settlement,154340,8059813,185.2083,1.838302
2001,revenue,unrestricted_aid,634380,8059813,185.2083,1.838302
2001,borrowing,bond_premium,0,8059813,185.2083,1.838302
2001,borrowing,bonds_issued,2844665,8059813,185.2083,1.838302
2001,borrowing,refunding_debt,1147335,8059813,185.2083,1.838302
2002,operating,city_university,417838,8072000,189.25,1.799043
2002,operating,education,11715015,8072000,189.25,1.799043
2002,operating,environmental,1602525,8072000,189.25,1.799043
2002,operating,fringe_benefits,2426144,8072000,189.25,1.799043
2002,operating,general_government,1809624,8072000,189.25,1.799043
2002,operating,health,2131506,8072000,189.25,1.799043
2002,operating,housing,440284,8072000,189.25,1.799043
2002,operating,judgments,521834,8072000,189.25,1.799043
2002,operating,lease_payments,0,8072000,189.25,1.799043
2002,operating,libraries,123808,8072000,189.25,1.799043
2002,operating,other_misc,359640,8072000,189.25,1.799043
2002,operating,parks,305062,8072000,189.25,1.799043
2002,operating,pensions,1391896,8072000,189.25,1.799043
2002,operating,public_safety,6462311,8072000,189.25,1.799043
2002,operating,social_services,9097726,8072000,189.25,1.799043
2002,operating,transportation,678728,8072000,189.25,1.799043
2002,operating,debt_service,1376059,8072000,189.25,1.799043
2002,capital,education,1775891,8072000,189.25,1.799043
2002,capital,environmental,1221955,8072000,189.25,1.799043
2002,capital,general_government,577086,8072000,189.25,1.799043
2002,capital,health,111224,8072000,189.25,1.799043
2002,capital,housing,380384,8072000,189.25,1.799043
2002,capital,libraries,34642,8072000,189.25,1.799043
2002,capital,other_capital,106188,8072000,189.25,1.799043
2002,capital,parks,369539,8072000,189.25,1.799043
2002,capital,public_safety,828461,8072000,189.25,1.799043
2002,capital,social_services,0,8072000,189.25,1.799043
2002,capital,transportation,914732,8072000,189.25,1.799043
2002,capital,capital_aid_revenue,389151,8072000,189.25,1.799043
2002,revenue,business_taxes,3192084,8072000,189.25,1.799043
2002,revenue,charges_for_services,1458394,8072000,189.25,1.799043
2002,revenue,disallowances,0,8072000,189.25,1.799043
2002,revenue,federal_aid,6096740,8072000,189.25,1.799043
2002,revenue,fines_forfeitures,485331,8072000,189.25,1.799043
2002,revenue,investment_income,80559,8072000,189.25,1.799043
2002,revenue,licenses_permits,355699,8072000,189.25,1.799043
2002,revenue,other_financing,457832,8072000,189.25,1.799043
2002,revenue,other_grants,518729,8072000,189.25,1.799043
2002,revenue,other_revenues,786559,8072000,189.25,1.799043
2002,revenue,other_taxes,1203618,8072000,189.25,1.799043
2002,revenue,personal_income_tax,4555059,8072000,189.25,1.799043
2002,revenue,property_tax,8760873,8072000,189.25,1.799043
2002,revenue,sales_tax,3957386,8072000,189.25,1.799043
2002,revenue,state_aid,8030500,8072000,189.25,1.799043
2002,revenue,tax_penalties,48918,8072000,189.25,1.799043
2002,revenue,tobacco_settlement,211159,8072000,189.25,1.799043
2002,revenue,unrestricted_aid,665820,8072000,189.25,1.799043
2002,borrowing,bond_premium,0,8072000,189.25,1.799043
2002,borrowing,bonds_issued,3775552,8072000,189.25,1.799043
2002,borrowing,refunding_debt,1157242,8072000,189.25,1.799043
2003,operating,city_university,443654,8068073,194.75,1.748235
2003,operating,education,12672864,8068073,194.75,1.748235
2003,operating,environmental,1638441,8068073,194.75,1.748235
2003,operating,fringe_benefits,2606861,8068073,194.75,1.748235
2003,operating,general_government,1238442,8068073,194.75,1.748235
2003,operating,health,2241495,8068073,194.75,1.748235
2003,operating,housing,437382,8068073,194.75,1.748235
2003,operating,judgments,626916,8068073,194.75,1.748235
2003,operating,lease_payments,0,8068073,194.75,1.748235
2003,operating,libraries,337639,8068073,194.75,1.748235
2003,operating,other_misc,472971,8068073,194.75,1.748235
2003,operating,parks,293182,8068073,194.75,1.748235
2003,operating,pensions,1630581,8068073,194.75,1.748235
2003,operating,public_safety,6203910,8068073,194.75,1.748235
2003,operating,social_services,9321286,8068073,194.75,1.748235
2003,operating,transportation,1016155,8068073,194.75,1.748235
2003,operating,debt_service,3158450,8068073,194.75,1.748235
2003,capital,education,1328185,8068073,194.75,1.748235
2003,capital,environmental,1415282,8068073,194.75,1.748235
2003,capital,general_government,608431,8068073,194.75,1.748235
2003,capital,health,115049,8068073,194.75,1.748235
2003,capital,housing,300984,8068073,194.75,1.748235
2003,capital,libraries,49217,8068073,194.75,1.748235
2003,capital,other_capital,80609,8068073,194.75,1.748235
2003,capital,parks,360808,8068073,194.75,1.748235
2003,capital,public_safety,290007,8068073,194.75,1.748235
2003,capital,social_services,0,8068073,194.75,1.748235
2003,capital,transportation,1185237,8068073,194.75,1.748235
2003,capital,capital_aid_revenue,387675,8068073,194.75,1.748235
2003,revenue,business_taxes,3137916,8068073,194.75,1.748235
2003,revenue,charges_for_services,1481382,8068073,194.75,1.748235
2003,revenue,disallowances,-47100,8068073,194.75,1.748235
2003,revenue,federal_aid,5617890,8068073,194.75,1.748235
2003,revenue,fines_forfeitures,549177,8068073,194.75,1.748235
2003,revenue,investment_income,43256,8068073,194.75,1.748235
2003,revenue,licenses_permits,357363,8068073,194.75,1.748235
2003,revenue,other_financing,1684047,8068073,194.75,1.748235
2003,revenue,other_grants,927879,8068073,194.75,1.748235
2003,revenue,other_revenues,460726,8068073,194.75,1.748235
2003,revenue,other_taxes,1323010,8068073,194.75,1.748235
2003,revenue,personal_income_tax,4492947,8068073,194.75,1.748235
2003,revenue,property_tax,10062929,8068073,194.75,1.748235
2003,revenue,sales_tax,4321464,8068073,194.75,1.748235
2003,revenue,state_aid,8317388,8068073,194.75,1.748235
2003,revenue,tax_penalties,22132,8068073,194.75,1.748235
2003,revenue,tobacco_settlement,149948,8068073,194.75,1.748235
2003,revenue,unrestricted_aid,1442813,8068073,194.75,1.748235
2003,borrowing,bond_premium,99167,8068073,194.75,1.748235
2003,borrowing,bonds_issued,6449607,8068073,194.75,1.748235
2003,borrowing,refunding_debt,4932380,8068073,194.75,1.748235
2004,operating,city_university,492889,8043366,201.1583,1.692542
2004,operating,education,13061366,8043366,201.1583,1.692542
2004,operating,environmental,1638733,8043366,201.1583,1.692542
2004,operating,fringe_benefits,2755010,8043366,201.1583,1.692542
2004,operating,general_government,1347292,8043366,201.1583,1.692542
2004,operating,health,2418122,8043366,201.1583,1.692542
2004,operating,housing,448656,8043366,201.1583,1.692542
2004,operating,judgments,591001,8043366,201.1583,1.692542
2004,operating,lease_payments,0,8043366,201.1583,1.692542
2004,operating,libraries,241790,8043366,201.1583,1.692542
2004,operating,other_misc,484289,8043366,201.1583,1.692542
2004,operating,parks,316756,8043366,201.1583,1.692542
2004,operating,pensions,2308370,8043366,201.1583,1.692542
2004,operating,public_safety,6125145,8043366,201.1583,1.692542
2004,operating,social_services,9650124,8043366,201.1583,1.692542
2004,operating,transportation,839725,8043366,201.1583,1.692542
2004,operating,debt_service,4573127,8043366,201.1583,1.692542
2004,capital,education,1208046,8043366,201.1583,1.692542
2004,capital,environmental,1803700,8043366,201.1583,1.692542
2004,capital,general_government,607245,8043366,201.1583,1.692542
2004,capital,health,88480,8043366,201.1583,1.692542
2004,capital,housing,359612,8043366,201.1583,1.692542
2004,capital,libraries,43527,8043366,201.1583,1.692542
2004,capital,other_capital,112001,8043366,201.1583,1.692542
2004,capital,parks,328344,8043366,201.1583,1.692542
2004,capital,public_safety,241549,8043366,201.1583,1.692542
2004,capital,social_services,0,8043366,201.1583,1.692542
2004,capital,transportation,962003,8043366,201.1583,1.692542
2004,capital,capital_aid_revenue,429126,8043366,201.1583,1.692542
2004,revenue,business_taxes,3690834,8043366,201.1583,1.692542
2004,revenue,charges_for_services,1602899,8043366,201.1583,1.692542
2004,revenue,disallowances,-27000,8043366,201.1583,1.692542
2004,revenue,federal_aid,5414833,8043366,201.1583,1.692542
2004,revenue,fines_forfeitures,697234,8043366,201.1583,1.692542
2004,revenue,investment_income,30068,8043366,201.1583,1.692542
2004,revenue,licenses_permits,374383,8043366,201.1583,1.692542
2004,revenue,other_financing,0,8043366,201.1583,1.692542
2004,revenue,other_grants,956408,8043366,201.1583,1.692542
2004,revenue,other_revenues,598112,8043366,201.1583,1.692542
2004,revenue,other_taxes,1731223,8043366,201.1583,1.692542
2004,revenue,personal_income_tax,6012580,8043366,201.1583,1.692542
2004,revenue,property_tax,11582328,8043366,201.1583,1.692542
2004,revenue,sales_tax,5081287,8043366,201.1583,1.692542
2004,revenue,state_aid,8454396,8043366,201.1583,1.692542
2004,revenue,tax_penalties,67090,8043366,201.1583,1.692542
2004,revenue,tobacco_settlement,66934,8043366,201.1583,1.692542
2004,revenue,unrestricted_aid,963445,8043366,201.1583,1.692542
2004,borrowing,bond_premium,49902,8043366,201.1583,1.692542
2004,borrowing,bonds_issued,4315307,8043366,201.1583,1.692542
2004,borrowing,refunding_debt,4348174,8043366,201.1583,1.692542
2005,operating,city_university,566613,8013368,208.5333,1.632683
2005,operating,education,13776018,8013368,208.5333,1.632683
2005,operating,environmental,1706594,8013368,208.5333,1.632683
2005,operating,fringe_benefits,2947681,8013368,208.5333,1.632683
2005,operating,general_government,2385327,8013368,208.5333,1.632683
2005,operating,health,2424183,8013368,208.5333,1.632683
2005,operating,housing,511639,8013368,208.5333,1.632683
2005,operating,judgments,590294,8013368,208.5333,1.632683
2005,operating,lease_payments,0,8013368,208.5333,1.632683
2005,operating,libraries,362310,8013368,208.5333,1.632683
2005,operating,other_misc,869351,8013368,208.5333,1.632683
2005,operating,parks,343000,8013368,208.5333,1.632683
2005,operating,pensions,3233826,8013368,208.5333,1.632683
2005,operating,public_safety,6506706,8013368,208.5333,1.632683
2005,operating,social_services,10329111,8013368,208.5333,1.632683
2005,operating,transportation,956526,8013368,208.5333,1.632683
2005,operating,debt_service,5280533,8013368,208.5333,1.632683
2005,capital,education,990410,8013368,208.5333,1.632683
2005,capital,environmental,1838220,8013368,208.5333,1.632683
2005,capital,general_government,719829,8013368,208.5333,1.632683
2005,capital,health,384585,8013368,208.5333,1.632683
2005,capital,housing,343274,8013368,208.5333,1.632683
2005,capital,libraries,61680,8013368,208.5333,1.632683
2005,capital,other_capital,57221,8013368,208.5333,1.632683
2005,capital,parks,317256,8013368,208.5333,1.632683
2005,capital,public_safety,996069,8013368,208.5333,1.632683
2005,capital,social_services,0,8013368,208.5333,1.632683
2005,capital,transportation,946162,8013368,208.5333,1.632683
2005,capital,capital_aid_revenue,344217,8013368,208.5333,1.632683
2005,revenue,business_taxes,4640541,8013368,208.5333,1.632683
2005,revenue,charges_for_services,2479372,8013368,208.5333,1.632683
2005,revenue,disallowances,-87300,8013368,208.5333,1.632683
2005,revenue,federal_aid,6653954,8013368,208.5333,1.632683
2005,revenue,fines_forfeitures,745399,8013368,208.5333,1.632683
2005,revenue,investment_income,148824,8013368,208.5333,1.632683
2005,revenue,licenses_permits,395190,8013368,208.5333,1.632683
2005,revenue,other_financing,631232,8013368,208.5333,1.632683
2005,revenue,other_grants,862376,8013368,208.5333,1.632683
2005,revenue,other_revenues,606278,8013368,208.5333,1.632683
2005,revenue,other_taxes,2043204,8013368,208.5333,1.632683
2005,revenue,personal_income_tax,6656334,8013368,208.5333,1.632683
2005,revenue,property_tax,11615939,8013368,208.5333,1.632683
2005,revenue,sales_tax,5822751,8013368,208.5333,1.632683
2005,revenue,state_aid,8822776,8013368,208.5333,1.632683
2005,revenue,tax_penalties,86868,8013368,208.5333,1.632683
2005,revenue,tobacco_settlement,67579,8013368,208.5333,1.632683
2005,revenue,unrestricted_aid,603500,8013368,208.5333,1.632683
2005,borrowing,bond_premium,381464,8013368,208.5333,1.632683
2005,borrowing,bonds_issued,7017685,8013368,208.5333,1.632683
2005,borrowing,refunding_debt,3934629,8013368,208.5333,1.632683
2006,operating,city_university,550366,7993906,216.95,1.569342
2006,operating,education,14794254,7993906,216.95,1.569342
2006,operating,environmental,1836395,7993906,216.95,1.569342
2006,operating,fringe_benefits,4154015,7993906,216.95,1.569342
2006,operating,general_government,1530075,7993906,216.95,1.569342
2006,operating,health,2757802,7993906,216.95,1.569342
2006,operating,housing,721483,7993906,216.95,1.569342
2006,operating,judgments,516801,7993906,216.95,1.569342
2006,operating,lease_payments,228846,7993906,216.95,1.569342
2006,operating,libraries,261140,7993906,216.95,1.569342
2006,operating,other_misc,105395,7993906,216.95,1.569342
2006,operating,parks,376808,7993906,216.95,1.569342
2006,operating,pensions,3878950,7993906,216.95,1.569342
2006,operating,public_safety,6693911,7993906,216.95,1.569342
2006,operating,social_services,10147669,7993906,216.95,1.569342
2006,operating,transportation,954155,7993906,216.95,1.569342
2006,operating,debt_service,4491010,7993906,216.95,1.569342
2006,capital,education,1795684,7993906,216.95,1.569342
2006,capital,environmental,1935273,7993906,216.95,1.569342
2006,capital,general_government,665096,7993906,216.95,1.569342
2006,capital,health,269673,7993906,216.95,1.569342
2006,capital,housing,459376,7993906,216.95,1.569342
2006,capital,libraries,52317,7993906,216.95,1.569342
2006,capital,other_capital,0,7993906,216.95,1.569342
2006,capital,parks,382845,7993906,216.95,1.569342
2006,capital,public_safety,212111,7993906,216.95,1.569342
2006,capital,social_services,39308,7993906,216.95,1.569342
2006,capital,transportation,782904,7993906,216.95,1.569342
2006,capital,capital_aid_revenue,438021,7993906,216.95,1.569342
2006,revenue,business_taxes,5531620,7993906,216.95,1.569342
2006,revenue,charges_for_services,1836959,7993906,216.95,1.569342
2006,revenue,disallowances,-542000,7993906,216.95,1.569342
2006,revenue,federal_aid,5243420,7993906,216.95,1.569342
2006,revenue,fines_forfeitures,723524,7993906,216.95,1.569342
2006,revenue,investment_income,362197,7993906,216.95,1.569342
2006,revenue,licenses_permits,417894,7993906,216.95,1.569342
2006,revenue,other_financing,102938,7993906,216.95,1.569342
2006,revenue,other_grants,1149605,7993906,216.95,1.569342
2006,revenue,other_revenues,412862,7993906,216.95,1.569342
2006,revenue,other_taxes,2338987,7993906,216.95,1.569342
2006,revenue,personal_income_tax,7675813,7993906,216.95,1.569342
2006,revenue,property_tax,12636355,7993906,216.95,1.569342
2006,revenue,sales_tax,5986656,7993906,216.95,1.569342
2006,revenue,state_aid,9585566,7993906,216.95,1.569342
2006,revenue,tax_penalties,41757,7993906,216.95,1.569342
2006,revenue,tobacco_settlement,5410,7993906,216.95,1.569342
2006,revenue,unrestricted_aid,494154,7993906,216.95,1.569342
2006,borrowing,bond_premium,141000,7993906,216.95,1.569342
2006,borrowing,bonds_issued,3405000,7993906,216.95,1.569342
2006,borrowing,refunding_debt,3364784,7993906,216.95,1.569342
2007,operating,city_university,577201,8013775,223.714,1.521893
2007,operating,education,15748016,8013775,223.714,1.521893
2007,operating,environmental,1943299,8013775,223.714,1.521893
2007,operating,fringe_benefits,4846211,8013775,223.714,1.521893
2007,operating,general_government,1619918,8013775,223.714,1.521893
2007,operating,health,2272482,8013775,223.714,1.521893
2007,operating,housing,641216,8013775,223.714,1.521893
2007,operating,judgments,564037,8013775,223.714,1.521893
2007,operating,lease_payments,309612,8013775,223.714,1.521893
2007,operating,libraries,330061,8013775,223.714,1.521893
2007,operating,other_misc,177801,8013775,223.714,1.521893
2007,operating,parks,410671,8013775,223.714,1.521893
2007,operating,pensions,4726200,8013775,223.714,1.521893
2007,operating,public_safety,6841914,8013775,223.714,1.521893
2007,operating,social_services,11078051,8013775,223.714,1.521893
2007,operating,transportation,1020892,8013775,223.714,1.521893
2007,operating,debt_service,5660573,8013775,223.714,1.521893
2007,capital,education,2150118,8013775,223.714,1.521893
2007,capital,environmental,2079965,8013775,223.714,1.521893
2007,capital,general_government,945278,8013775,223.714,1.521893
2007,capital,health,246256,8013775,223.714,1.521893
2007,capital,housing,436007,8013775,223.714,1.521893
2007,capital,libraries,37857,8013775,223.714,1.521893
2007,capital,other_capital,0,8013775,223.714,1.521893
2007,capital,parks,494052,8013775,223.714,1.521893
2007,capital,public_safety,206533,8013775,223.714,1.521893
2007,capital,social_services,72644,8013775,223.714,1.521893
2007,capital,transportation,827678,8013775,223.714,1.521893
2007,capital,capital_aid_revenue,875011,8013775,223.714,1.521893
2007,revenue,business_taxes,7451281,8013775,223.714,1.521893
2007,revenue,charges_for_services,1920752,8013775,223.714,1.521893
2007,revenue,disallowances,-102900,8013775,223.714,1.521893
2007,revenue,federal_aid,5471205,8013775,223.714,1.521893
2007,revenue,fines_forfeitures,741371,8013775,223.714,1.521893
2007,revenue,investment_income,473060,8013775,223.714,1.521893
2007,revenue,licenses_permits,470027,8013775,223.714,1.521893
2007,revenue,other_financing,0,8013775,223.714,1.521893
2007,revenue,other_grants,1037389,8013775,223.714,1.521893
2007,revenue,other_revenues,638099,8013775,223.714,1.521893
2007,revenue,other_taxes,2851573,8013775,223.714,1.521893
2007,revenue,personal_income_tax,7963170,8013775,223.714,1.521893
2007,revenue,property_tax,13122812,8013775,223.714,1.521893
2007,revenue,sales_tax,6412020,8013775,223.714,1.521893
2007,revenue,state_aid,10247051,8013775,223.714,1.521893
2007,revenue,tax_penalties,41006,8013775,223.714,1.521893
2007,revenue,tobacco_settlement,0,8013775,223.714,1.521893
2007,revenue,unrestricted_aid,35054,8013775,223.714,1.521893
2007,borrowing,bond_premium,334192,8013775,223.714,1.521893
2007,borrowing,bonds_issued,6160710,8013775,223.714,1.521893
2007,borrowing,refunding_debt,1449230,8013775,223.714,1.521893
2008,operating,city_university,620730,8068195,231.2731,1.472151
2008,operating,education,16855125,8068195,231.2731,1.472151
2008,operating,environmental,2082731,8068195,231.2731,1.472151
2008,operating,fringe_benefits,3956861,8068195,231.2731,1.472151
2008,operating,general_government,1827649,8068195,231.2731,1.472151
2008,operating,health,1587844,8068195,231.2731,1.472151
2008,operating,housing,679584,8068195,231.2731,1.472151
2008,operating,judgments,625395,8068195,231.2731,1.472151
2008,operating,lease_payments,158482,8068195,231.2731,1.472151
2008,operating,libraries,266399,8068195,231.2731,1.472151
2008,operating,other_misc,312555,8068195,231.2731,1.472151
2008,operating,parks,450151,8068195,231.2731,1.472151
2008,operating,pensions,5616289,8068195,231.2731,1.472151
2008,operating,public_safety,7258568,8068195,231.2731,1.472151
2008,operating,social_services,12511340,8068195,231.2731,1.472151
2008,operating,transportation,1187099,8068195,231.2731,1.472151
2008,operating,debt_service,5973712,8068195,231.2731,1.472151
2008,capital,education,2395582,8068195,231.2731,1.472151
2008,capital,environmental,2500851,8068195,231.2731,1.472151
2008,capital,general_government,1650613,8068195,231.2731,1.472151
2008,capital,health,205625,8068195,231.2731,1.472151
2008,capital,housing,502617,8068195,231.2731,1.472151
2008,capital,libraries,25294,8068195,231.2731,1.472151
2008,capital,other_capital,0,8068195,231.2731,1.472151
2008,capital,parks,563886,8068195,231.2731,1.472151
2008,capital,public_safety,282627,8068195,231.2731,1.472151
2008,capital,social_services,64448,8068195,231.2731,1.472151
2008,capital,transportation,813901,8068195,231.2731,1.472151
2008,capital,capital_aid_revenue,1357927,8068195,231.2731,1.472151
2008,revenue,business_taxes,6784783,8068195,231.2731,1.472151
2008,revenue,charges_for_services,2125870,8068195,231.2731,1.472151
2008,revenue,disallowances,-114300,8068195,231.2731,1.472151
2008,revenue,federal_aid,5691678,8068195,231.2731,1.472151
2008,revenue,fines_forfeitures,829654,8068195,231.2731,1.472151
2008,revenue,investment_income,376798,8068195,231.2731,1.472151
2008,revenue,licenses_permits,502231,8068195,231.2731,1.472151
2008,revenue,other_financing,552006,8068195,231.2731,1.472151
2008,revenue,other_grants,1089509,8068195,231.2731,1.472151
2008,revenue,other_revenues,658300,8068195,231.2731,1.472151
2008,revenue,other_taxes,2580301,8068195,231.2731,1.472151
2008,revenue,personal_income_tax,9764209,8068195,231.2731,1.472151
2008,revenue,property_tax,13203930,8068195,231.2731,1.472151
2008,revenue,sales_tax,6228357,8068195,231.2731,1.472151
2008,revenue,state_aid,11421132,8068195,231.2731,1.472151
2008,revenue,tax_penalties,38949,8068195,231.2731,1.472151
2008,revenue,tobacco_settlement,0,8068195,231.2731,1.472151
2008,revenue,unrestricted_aid,242116,8068195,231.2731,1.472151
2008,borrowing,bond_premium,155919,8068195,231.2731,1.472151
2008,borrowing,bonds_issued,4125400,8068195,231.2731,1.472151
2008,borrowing,refunding_debt,3956945,8068195,231.2731,1.472151
2009,operating,city_university,658484,8131574,236.5572,1.439267
2009,operating,education,17774247,8131574,236.5572,1.439267
2009,operating,environmental,2199569,8131574,236.5572,1.439267
2009,operating,fringe_benefits,3524852,8131574,236.5572,1.439267
2009,operating,general_government,1917783,8131574,236.5572,1.439267
2009,operating,health,1843326,8131574,236.5572,1.439267
2009,operating,housing,796803,8131574,236.5572,1.439267
2009,operating,judgments,623192,8131574,236.5572,1.439267
2009,operating,lease_payments,174523,8131574,236.5572,1.439267
2009,operating,libraries,366307,8131574,236.5572,1.439267
2009,operating,other_misc,172347,8131574,236.5572,1.439267
2009,operating,parks,445188,8131574,236.5572,1.439267
2009,operating,pensions,6264914,8131574,236.5572,1.439267
2009,operating,public_safety,7683112,8131574,236.5572,1.439267
2009,operating,social_services,12151263,8131574,236.5572,1.439267
2009,operating,transportation,1269989,8131574,236.5572,1.439267
2009,operating,debt_service,2300562,8131574,236.5572,1.439267
2009,capital,education,2816837,8131574,236.5572,1.439267
2009,capital,environmental,2930162,8131574,236.5572,1.439267
2009,capital,general_government,1341800,8131574,236.5572,1.439267
2009,capital,health,232596,8131574,236.5572,1.439267
2009,capital,housing,412990,8131574,236.5572,1.439267
2009,capital,libraries,47467,8131574,236.5572,1.439267
2009,capital,other_capital,0,8131574,236.5572,1.439267
2009,capital,parks,831811,8131574,236.5572,1.439267
2009,capital,public_safety,336505,8131574,236.5572,1.439267
2009,capital,social_services,90958,8131574,236.5572,1.439267
2009,capital,transportation,1002396,8131574,236.5572,1.439267
2009,capital,capital_aid_revenue,851642,8131574,236.5572,1.439267
2009,revenue,business_taxes,6588642,8131574,236.5572,1.439267
2009,revenue,charges_for_services,2244924,8131574,236.5572,1.439267
2009,revenue,disallowances,0,8131574,236.5572,1.439267
2009,revenue,federal_aid,5940697,8131574,236.5572,1.439267
2009,revenue,fines_forfeitures,802237,8131574,236.5572,1.439267
2009,revenue,investment_income,123903,8131574,236.5572,1.439267
2009,revenue,licenses_permits,492639,8131574,236.5572,1.439267
2009,revenue,other_financing,322069,8131574,236.5572,1.439267
2009,revenue,other_grants,1103224,8131574,236.5572,1.439267
2009,revenue,other_revenues,817404,8131574,236.5572,1.439267
2009,revenue,other_taxes,1927050,8131574,236.5572,1.439267
2009,revenue,personal_income_tax,7518903,8131574,236.5572,1.439267
2009,revenue,property_tax,14487231,8131574,236.5572,1.439267
2009,revenue,sales_tax,5302107,8131574,236.5572,1.439267
2009,revenue,state_aid,12124101,8131574,236.5572,1.439267
2009,revenue,tax_penalties,48641,8131574,236.5572,1.439267
2009,revenue,tobacco_settlement,0,8131574,236.5572,1.439267
2009,revenue,unrestricted_aid,327390,8131574,236.5572,1.439267
2009,borrowing,bond_premium,98498,8131574,236.5572,1.439267
2009,borrowing,bonds_issued,7751000,8131574,236.5572,1.439267
2009,borrowing,refunding_debt,669370,8131574,236.5572,1.439267
2010,operating,city_university,718788,8203084,239.199,1.423371
2010,operating,education,18411207,8203084,239.199,1.423371
2010,operating,environmental,2667041,8203084,239.199,1.423371
2010,operating,fringe_benefits,3733084,8203084,239.199,1.423371
2010,operating,general_government,2038518,8203084,239.199,1.423371
2010,operating,health,1661164,8203084,239.199,1.423371
2010,operating,housing,813885,8203084,239.199,1.423371
2010,operating,judgments,568246,8203084,239.199,1.423371
2010,operating,lease_payments,53562,8203084,239.199,1.423371
2010,operating,libraries,210535,8203084,239.199,1.423371
2010,operating,other_misc,-650307,8203084,239.199,1.423371
2010,operating,parks,434345,8203084,239.199,1.423371
2010,operating,pensions,6631325,8203084,239.199,1.423371
2010,operating,public_safety,8000446,8203084,239.199,1.423371
2010,operating,social_services,12370109,8203084,239.199,1.423371
2010,operating,transportation,1223867,8203084,239.199,1.423371
2010,operating,debt_service,3922358,8203084,239.199,1.423371
2010,capital,education,3050526,8203084,239.199,1.423371
2010,capital,environmental,2972147,8203084,239.199,1.423371
2010,capital,general_government,1338855,8203084,239.199,1.423371
2010,capital,health,284737,8203084,239.199,1.423371
2010,capital,housing,428856,8203084,239.199,1.423371
2010,capital,libraries,90198,8203084,239.199,1.423371
2010,capital,other_capital,0,8203084,239.199,1.423371
2010,capital,parks,833164,8203084,239.199,1.423371
2010,capital,public_safety,313862,8203084,239.199,1.423371
2010,capital,social_services,68007,8203084,239.199,1.423371
2010,capital,transportation,1155504,8203084,239.199,1.423371
2010,capital,capital_aid_revenue,576702,8203084,239.199,1.423371
2010,revenue,business_taxes,5706533,8203084,239.199,1.423371
2010,revenue,charges_for_services,2538984,8203084,239.199,1.423371
2010,revenue,disallowances,0,8203084,239.199,1.423371
2010,revenue,federal_aid,7700009,8203084,239.199,1.423371
2010,revenue,fines_forfeitures,833110,8203084,239.199,1.423371
2010,revenue,investment_income,22159,8203084,239.199,1.423371
2010,revenue,licenses_permits,487441,8203084,239.199,1.423371
2010,revenue,other_financing,342738,8203084,239.199,1.423371
2010,revenue,other_grants,1372779,8203084,239.199,1.423371
2010,revenue,other_revenues,687114,8203084,239.199,1.423371
2010,revenue,other_taxes,1880696,8203084,239.199,1.423371
2010,revenue,personal_income_tax,7592657,8203084,239.199,1.423371
2010,revenue,property_tax,16369447,8203084,239.199,1.423371
2010,revenue,sales_tax,5611398,8203084,239.199,1.423371
2010,revenue,state_aid,11645570,8203084,239.199,1.423371
2010,revenue,tax_penalties,40242,8203084,239.199,1.423371
2010,revenue,tobacco_settlement,0,8203084,239.199,1.423371
2010,revenue,unrestricted_aid,-17563,8203084,239.199,1.423371
2010,borrowing,bond_premium,404415,8203084,239.199,1.423371
2010,borrowing,bonds_issued,7036630,8203084,239.199,1.423371
2010,borrowing,refunding_debt,3781330,8203084,239.199,1.423371
2011,operating,city_university,736092,8337907,243.7643,1.396714
2011,operating,education,18862234,8337907,243.7643,1.396714
2011,operating,environmental,2339955,8337907,243.7643,1.396714
2011,operating,fringe_benefits,3846135,8337907,243.7643,1.396714
2011,operating,general_government,2006168,8337907,243.7643,1.396714
2011,operating,health,1666942,8337907,243.7643,1.396714
2011,operating,housing,787671,8337907,243.7643,1.396714
2011,operating,judgments,664073,8337907,243.7643,1.396714
2011,operating,lease_payments,145336,8337907,243.7643,1.396714
2011,operating,libraries,295990,8337907,243.7643,1.396714
2011,operating,other_misc,-82948,8337907,243.7643,1.396714
2011,operating,parks,451184,8337907,243.7643,1.396714
2011,operating,pensions,6842573,8337907,243.7643,1.396714
2011,operating,public_safety,8281130,8337907,243.7643,1.396714
2011,operating,social_services,11785981,8337907,243.7643,1.396714
2011,operating,transportation,1160121,8337907,243.7643,1.396714
2011,operating,debt_service,5526138,8337907,243.7643,1.396714
2011,capital,education,2098638,8337907,243.7643,1.396714
2011,capital,environmental,3057878,8337907,243.7643,1.396714
2011,capital,general_government,950271,8337907,243.7643,1.396714
2011,capital,health,265936,8337907,243.7643,1.396714
2011,capital,housing,330339,8337907,243.7643,1.396714
2011,capital,libraries,66739,8337907,243.7643,1.396714
2011,capital,other_capital,0,8337907,243.7643,1.396714
2011,capital,parks,865941,8337907,243.7643,1.396714
2011,capital,public_safety,387087,8337907,243.7643,1.396714
2011,capital,social_services,59970,8337907,243.7643,1.396714
2011,capital,transportation,1015948,8337907,243.7643,1.396714
2011,capital,capital_aid_revenue,532616,8337907,243.7643,1.396714
2011,revenue,business_taxes,6705299,8337907,243.7643,1.396714
2011,revenue,charges_for_services,2344682,8337907,243.7643,1.396714
2011,revenue,disallowances,-111659,8337907,243.7643,1.396714
2011,revenue,federal_aid,7746661,8337907,243.7643,1.396714
2011,revenue,fines_forfeitures,820095,8337907,243.7643,1.396714
2011,revenue,investment_income,20786,8337907,243.7643,1.396714
2011,revenue,licenses_permits,524670,8337907,243.7643,1.396714
2011,revenue,other_financing,513059,8337907,243.7643,1.396714
2011,revenue,other_grants,1254895,8337907,243.7643,1.396714
2011,revenue,other_revenues,562542,8337907,243.7643,1.396714
2011,revenue,other_taxes,2155748,8337907,243.7643,1.396714
2011,revenue,personal_income_tax,8165972,8337907,243.7643,1.396714
2011,revenue,property_tax,17086484,8337907,243.7643,1.396714
2011,revenue,sales_tax,6190215,8337907,243.7643,1.396714
2011,revenue,state_aid,11255365,8337907,243.7643,1.396714
2011,revenue,tax_penalties,46086,8337907,243.7643,1.396714
2011,revenue,tobacco_settlement,0,8337907,243.7643,1.396714
2011,revenue,unrestricted_aid,38997,8337907,243.7643,1.396714
2011,borrowing,bond_premium,315466,8337907,243.7643,1.396714
2011,borrowing,bonds_issued,6640953,8337907,243.7643,1.396714
2011,borrowing,refunding_debt,2652380,8337907,243.7643,1.396714
2012,operating,city_university,750476,8463961,250.5298,1.358996
2012,operating,education,19129084,8463961,250.5298,1.358996
2012,operating,environmental,2246210,8463961,250.5298,1.358996
2012,operating,fringe_benefits,3879655,8463961,250.5298,1.358996
2012,operating,general_government,1977838,8463961,250.5298,1.358996
2012,operating,health,1608034,8463961,250.5298,1.358996
2012,operating,housing,811045,8463961,250.5298,1.358996
2012,operating,judgments,582868,8463961,250.5298,1.358996
2012,operating,lease_payments,137659,8463961,250.5298,1.358996
2012,operating,libraries,199364,8463961,250.5298,1.358996
2012,operating,other_misc,122069,8463961,250.5298,1.358996
2012,operating,parks,431941,8463961,250.5298,1.358996
2012,operating,pensions,7830440,8463961,250.5298,1.358996
2012,operating,public_safety,8239603,8463961,250.5298,1.358996
2012,operating,social_services,13259093,8463961,250.5298,1.358996
2012,operating,transportation,1443700,8463961,250.5298,1.358996
2012,operating,debt_service,4327574,8463961,250.5298,1.358996
2012,capital,education,1964382,8463961,250.5298,1.358996
2012,capital,environmental,2728031,8463961,250.5298,1.358996
2012,capital,general_government,902673,8463961,250.5298,1.358996
2012,capital,health,210464,8463961,250.5298,1.358996
2012,capital,housing,348760,8463961,250.5298,1.358996
2012,capital,libraries,41132,8463961,250.5298,1.358996
2012,capital,other_capital,0,8463961,250.5298,1.358996
2012,capital,parks,634888,8463961,250.5298,1.358996
2012,capital,public_safety,373445,8463961,250.5298,1.358996
2012,capital,social_services,52023,8463961,250.5298,1.358996
2012,capital,transportation,1175198,8463961,250.5298,1.358996
2012,capital,capital_aid_revenue,564131,8463961,250.5298,1.358996
2012,revenue,business_taxes,6498881,8463961,250.5298,1.358996
2012,revenue,charges_for_services,2538469,8463961,250.5298,1.358996
2012,revenue,disallowances,166018,8463961,250.5298,1.358996
2012,revenue,federal_aid,6997828,8463961,250.5298,1.358996
2012,revenue,fines_forfeitures,858562,8463961,250.5298,1.358996
2012,revenue,investment_income,16221,8463961,250.5298,1.358996
2012,revenue,licenses_permits,583254,8463961,250.5298,1.358996
2012,revenue,other_financing,499409,8463961,250.5298,1.358996
2012,revenue,other_grants,938714,8463961,250.5298,1.358996
2012,revenue,other_revenues,1133029,8463961,250.5298,1.358996
2012,revenue,other_taxes,2343587,8463961,250.5298,1.358996
2012,revenue,personal_income_tax,8557002,8463961,250.5298,1.358996
2012,revenue,property_tax,18157722,8463961,250.5298,1.358996
2012,revenue,sales_tax,6512107,8463961,250.5298,1.358996
2012,revenue,state_aid,11113775,8463961,250.5298,1.358996
2012,revenue,tax_penalties,42087,8463961,250.5298,1.358996
2012,revenue,tobacco_settlement,0,8463961,250.5298,1.358996
2012,revenue,unrestricted_aid,25000,8463961,250.5298,1.358996
2012,borrowing,bond_premium,1121909,8463961,250.5298,1.358996
2012,borrowing,bonds_issued,7245053,8463961,250.5298,1.358996
2012,borrowing,refunding_debt,4406280,8463961,250.5298,1.358996
2013,operating,city_university,801891,8565517,254.9114,1.335636
2013,operating,education,19128734,8565517,254.9114,1.335636
2013,operating,environmental,3003293,8565517,254.9114,1.335636
2013,operating,fringe_benefits,3829655,8565517,254.9114,1.335636
2013,operating,general_government,2151528,8565517,254.9114,1.335636
2013,operating,health,1856131,8565517,254.9114,1.335636
2013,operating,housing,756149,8565517,254.9114,1.335636
2013,operating,judgments,524483,8565517,254.9114,1.335636
2013,operating,lease_payments,151420,8565517,254.9114,1.335636
2013,operating,libraries,298626,8565517,254.9114,1.335636
2013,operating,other_misc,159741,8565517,254.9114,1.335636
2013,operating,parks,480518,8565517,254.9114,1.335636
2013,operating,pensions,8054284,8565517,254.9114,1.335636
2013,operating,public_safety,8384598,8565517,254.9114,1.335636
2013,operating,social_services,13433304,8565517,254.9114,1.335636
2013,operating,transportation,1484364,8565517,254.9114,1.335636
2013,operating,debt_service,6525325,8565517,254.9114,1.335636
2013,capital,education,1861079,8565517,254.9114,1.335636
2013,capital,environmental,2196582,8565517,254.9114,1.335636
2013,capital,general_government,1018474,8565517,254.9114,1.335636
2013,capital,health,329104,8565517,254.9114,1.335636
2013,capital,housing,413969,8565517,254.9114,1.335636
2013,capital,libraries,43286,8565517,254.9114,1.335636
2013,capital,other_capital,0,8565517,254.9114,1.335636
2013,capital,parks,723372,8565517,254.9114,1.335636
2013,capital,public_safety,588327,8565517,254.9114,1.335636
2013,capital,social_services,56914,8565517,254.9114,1.335636
2013,capital,transportation,1154225,8565517,254.9114,1.335636
2013,capital,capital_aid_revenue,813571,8565517,254.9114,1.335636
2013,revenue,business_taxes,7248633,8565517,254.9114,1.335636
2013,revenue,charges_for_services,2571764,8565517,254.9114,1.335636
2013,revenue,disallowances,-59202,8565517,254.9114,1.335636
2013,revenue,federal_aid,8421030,8565517,254.9114,1.335636
2013,revenue,fines_forfeitures,814727,8565517,254.9114,1.335636
2013,revenue,investment_income,16196,8565517,254.9114,1.335636
2013,revenue,licenses_permits,592590,8565517,254.9114,1.335636
2013,revenue,other_financing,507200,8565517,254.9114,1.335636
2013,revenue,other_grants,870925,8565517,254.9114,1.335636
2013,revenue,other_revenues,545253,8565517,254.9114,1.335636
2013,revenue,other_taxes,2602160,8565517,254.9114,1.335636
2013,revenue,personal_income_tax,9814898,8565517,254.9114,1.335636
2013,revenue,property_tax,18969610,8565517,254.9114,1.335636
2013,revenue,sales_tax,7032259,8565517,254.9114,1.335636
2013,revenue,state_aid,11026961,8565517,254.9114,1.335636
2013,revenue,tax_penalties,54223,8565517,254.9114,1.335636
2013,revenue,tobacco_settlement,0,8565517,254.9114,1.335636
2013,revenue,unrestricted_aid,0,8565517,254.9114,1.335636
2013,borrowing,bond_premium,1398561,8565517,254.9114,1.335636
2013,borrowing,bonds_issued,5474749,8565517,254.9114,1.335636
2013,borrowing,refunding_debt,4897795,8565517,254.9114,1.335636
2014,operating,city_university,852920,8655238,258.8637,1.315243
2014,operating,education,18672173,8655238,258.8637,1.315243
2014,operating,environmental,2522291,8655238,258.8637,1.315243
2014,operating,fringe_benefits,5841923,8655238,258.8637,1.315243
2014,operating,general_government,2333741,8655238,258.8637,1.315243
2014,operating,health,1621780,8655238,258.8637,1.315243
2014,operating,housing,828954,8655238,258.8637,1.315243
2014,operating,judgments,732222,8655238,258.8637,1.315243
2014,operating,lease_payments,152613,8655238,258.8637,1.315243
2014,operating,libraries,238574,8655238,258.8637,1.315243
2014,operating,other_misc,1793367,8655238,258.8637,1.315243
2014,operating,parks,478923,8655238,258.8637,1.315243
2014,operating,pensions,8141099,8655238,258.8637,1.315243
2014,operating,public_safety,8472362,8655238,258.8637,1.315243
2014,operating,social_services,13472613,8655238,258.8637,1.315243
2014,operating,transportation,1550323,8655238,258.8637,1.315243
2014,operating,debt_service,5169600,8655238,258.8637,1.315243
2014,capital,education,2141666,8655238,258.8637,1.315243
2014,capital,environmental,1841855,8655238,258.8637,1.315243
2014,capital,general_government,1081724,8655238,258.8637,1.315243
2014,capital,health,241632,8655238,258.8637,1.315243
2014,capital,housing,427764,8655238,258.8637,1.315243
2014,capital,libraries,37673,8655238,258.8637,1.315243
2014,capital,other_capital,0,8655238,258.8637,1.315243
2014,capital,parks,577170,8655238,258.8637,1.315243
2014,capital,public_safety,550969,8655238,258.8637,1.315243
2014,capital,social_services,63967,8655238,258.8637,1.315243
2014,capital,transportation,938291,8655238,258.8637,1.315243
2014,capital,capital_aid_revenue,668328,8655238,258.8637,1.315243
2014,revenue,business_taxes,7214845,8655238,258.8637,1.315243
2014,revenue,charges_for_services,2786460,8655238,258.8637,1.315243
2014,revenue,disallowances,-18556,8655238,258.8637,1.315243
2014,revenue,federal_aid,6767062,8655238,258.8637,1.315243
2014,revenue,fines_forfeitures,892182,8655238,258.8637,1.315243
2014,revenue,investment_income,15985,8655238,258.8637,1.315243
2014,revenue,licenses_permits,647833,8655238,258.8637,1.315243
2014,revenue,other_financing,620760,8655238,258.8637,1.315243
2014,revenue,other_grants,730641,8655238,258.8637,1.315243
2014,revenue,other_revenues,1146660,8655238,258.8637,1.315243
2014,revenue,other_taxes,3120078,8655238,258.8637,1.315243
2014,revenue,personal_income_tax,10173614,8655238,258.8637,1.315243
2014,revenue,property_tax,20202022,8655238,258.8637,1.315243
2014,revenue,sales_tax,7603986,8655238,258.8637,1.315243
2014,revenue,state_aid,10916091,8655238,258.8637,1.315243
2014,revenue,tax_penalties,60867,8655238,258.8637,1.315243
2014,revenue,tobacco_settlement,0,8655238,258.8637,1.315243
2014,revenue,unrestricted_aid,0,8655238,258.8637,1.315243
2014,borrowing,bond_premium,622151,8655238,258.8637,1.315243
2014,borrowing,bonds_issued,5171646,8655238,258.8637,1.315243
2014,borrowing,refunding_debt,3186670,8655238,258.8637,1.315243
2015,operating,city_university,904050,8736590,260.1174,1.308904
2015,operating,education,20457511,8736590,260.1174,1.308904
2015,operating,environmental,2540334,8736590,260.1174,1.308904
2015,operating,fringe_benefits,5862664,8736590,260.1174,1.308904
2015,operating,general_government,2468539,8736590,260.1174,1.308904
2015,operating,health,1708378,8736590,260.1174,1.308904
2015,operating,housing,885857,8736590,260.1174,1.308904
2015,operating,judgments,679605,8736590,260.1174,1.308904
2015,operating,lease_payments,148847,8736590,260.1174,1.308904
2015,operating,libraries,322392,8736590,260.1174,1.308904
2015,operating,other_misc,848095,8736590,260.1174,1.308904
2015,operating,parks,555411,8736590,260.1174,1.308904
2015,operating,pensions,8489857,8736590,260.1174,1.308904
2015,operating,public_safety,8826839,8736590,260.1174,1.308904
2015,operating,social_services,13843523,8736590,260.1174,1.308904
2015,operating,transportation,1654973,8736590,260.1174,1.308904
2015,operating,debt_service,7833334,8736590,260.1174,1.308904
2015,capital,education,2701296,8736590,260.1174,1.308904
2015,capital,environmental,1619842,8736590,260.1174,1.308904
2015,capital,general_government,789667,8736590,260.1174,1.308904
2015,capital,health,167744,8736590,260.1174,1.308904
2015,capital,housing,560550,8736590,260.1174,1.308904
2015,capital,libraries,36755,8736590,260.1174,1.308904
2015,capital,other_capital,0,8736590,260.1174,1.308904
2015,capital,parks,576245,8736590,260.1174,1.308904
2015,capital,public_safety,302856,8736590,260.1174,1.308904
2015,capital,social_services,208941,8736590,260.1174,1.308904
2015,capital,transportation,872415,8736590,260.1174,1.308904
2015,capital,capital_aid_revenue,966077,8736590,260.1174,1.308904
2015,revenue,business_taxes,7602042,8736590,260.1174,1.308904
2015,revenue,charges_for_services,2745137,8736590,260.1174,1.308904
2015,revenue,disallowances,-109972,8736590,260.1174,1.308904
2015,revenue,federal_aid,6784036,8736590,260.1174,1.308904
2015,revenue,fines_forfeitures,959285,8736590,260.1174,1.308904
2015,revenue,investment_income,29889,8736590,260.1174,1.308904
2015,revenue,licenses_permits,703008,8736590,260.1174,1.308904
2015,revenue,other_financing,552861,8736590,260.1174,1.308904
2015,revenue,other_grants,666659,8736590,260.1174,1.308904
2015,revenue,other_revenues,1665640,8736590,260.1174,1.308904
2015,revenue,other_taxes,3425233,8736590,260.1174,1.308904
2015,revenue,personal_income_tax,11294669,8736590,260.1174,1.308904
2015,revenue,property_tax,21517932,8736590,260.1174,1.308904
2015,revenue,sales_tax,8050932,8736590,260.1174,1.308904
2015,revenue,state_aid,12097019,8736590,260.1174,1.308904
2015,revenue,tax_penalties,50533,8736590,260.1174,1.308904
2015,revenue,tobacco_settlement,0,8736590,260.1174,1.308904
2015,revenue,unrestricted_aid,409,8736590,260.1174,1.308904
2015,borrowing,bond_premium,1278429,8736590,260.1174,1.308904
2015,borrowing,bonds_issued,7570809,8736590,260.1174,1.308904
2015,borrowing,refunding_debt,2565455,8736590,260.1174,1.308904
2016,operating,city_university,955775,8794592,261.6192,1.301391
2016,operating,education,21973688,8794592,261.6192,1.301391
2016,operating,environmental,2569229,8794592,261.6192,1.301391
2016,operating,fringe_benefits,5511572,8794592,261.6192,1.301391
2016,operating,general_government,2985013,8794592,261.6192,1.301391
2016,operating,health,2666511,8794592,261.6192,1.301391
2016,operating,housing,1023213,8794592,261.6192,1.301391
2016,operating,judgments,719968,8794592,261.6192,1.301391
2016,operating,lease_payments,199253,8794592,261.6192,1.301391
2016,operating,libraries,359548,8794592,261.6192,1.301391
2016,operating,other_misc,197649,8794592,261.6192,1.301391
2016,operating,parks,533855,8794592,261.6192,1.301391
2016,operating,pensions,9170963,8794592,261.6192,1.301391
2016,operating,public_safety,9325708,8794592,261.6192,1.301391
2016,operating,social_services,13800868,8794592,261.6192,1.301391
2016,operating,transportation,1707930,8794592,261.6192,1.301391
2016,operating,debt_service,6280543,8794592,261.6192,1.301391
2016,capital,education,2532116,8794592,261.6192,1.301391
2016,capital,environmental,1701883,8794592,261.6192,1.301391
2016,capital,general_government,664819,8794592,261.6192,1.301391
2016,capital,health,150022,8794592,261.6192,1.301391
2016,capital,housing,752753,8794592,261.6192,1.301391
2016,capital,libraries,40872,8794592,261.6192,1.301391
2016,capital,other_capital,0,8794592,261.6192,1.301391
2016,capital,parks,587601,8794592,261.6192,1.301391
2016,capital,public_safety,327079,8794592,261.6192,1.301391
2016,capital,social_services,60086,8794592,261.6192,1.301391
2016,capital,transportation,1262685,8794592,261.6192,1.301391
2016,capital,capital_aid_revenue,986523,8794592,261.6192,1.301391
2016,revenue,business_taxes,6947614,8794592,261.6192,1.301391
2016,revenue,charges_for_services,2624357,8794592,261.6192,1.301391
2016,revenue,disallowances,-772,8794592,261.6192,1.301391
2016,revenue,federal_aid,7195098,8794592,261.6192,1.301391
2016,revenue,fines_forfeitures,994573,8794592,261.6192,1.301391
2016,revenue,investment_income,78791,8794592,261.6192,1.301391
2016,revenue,licenses_permits,728542,8794592,261.6192,1.301391
2016,revenue,other_financing,586978,8794592,261.6192,1.301391
2016,revenue,other_grants,701508,8794592,261.6192,1.301391
2016,revenue,other_revenues,448835,8794592,261.6192,1.301391
2016,revenue,other_taxes,3502500,8794592,261.6192,1.301391
2016,revenue,personal_income_tax,11392473,8794592,261.6192,1.301391
2016,revenue,property_tax,23180583,8794592,261.6192,1.301391
2016,revenue,sales_tax,8540154,8794592,261.6192,1.301391
2016,revenue,state_aid,13001757,8794592,261.6192,1.301391
2016,revenue,tax_penalties,57325,8794592,261.6192,1.301391
2016,revenue,tobacco_settlement,0,8794592,261.6192,1.301391
2016,revenue,unrestricted_aid,6168,8794592,261.6192,1.301391
2016,borrowing,bond_premium,907433,8794592,261.6192,1.301391
2016,borrowing,bonds_issued,4559154,8794592,261.6192,1.301391
2016,borrowing,refunding_debt,0,8794592,261.6192,1.301391
2017,operating,city_university,1067117,8815395,266.2337,1.278835
2017,operating,education,23317602,8815395,266.2337,1.278835
2017,operating,environmental,2923418,8815395,266.2337,1.278835
2017,operating,fringe_benefits,5909908,8815395,266.2337,1.278835
2017,operating,general_government,3246561,8815395,266.2337,1.278835
2017,operating,health,2233288,8815395,266.2337,1.278835
2017,operating,housing,1220133,8815395,266.2337,1.278835
2017,operating,judgments,750349,8815395,266.2337,1.278835
2017,operating,lease_payments,30360,8815395,266.2337,1.278835
2017,operating,libraries,369871,8815395,266.2337,1.278835
2017,operating,other_misc,147036,8815395,266.2337,1.278835
2017,operating,parks,598776,8815395,266.2337,1.278835
2017,operating,pensions,9280651,8815395,266.2337,1.278835
2017,operating,public_safety,9694083,8815395,266.2337,1.278835
2017,operating,social_services,14485139,8815395,266.2337,1.278835
2017,operating,transportation,1753637,8815395,266.2337,1.278835
2017,operating,debt_service,6435217,8815395,266.2337,1.278835
2017,capital,education,2769304,8815395,266.2337,1.278835
2017,capital,environmental,1777683,8815395,266.2337,1.278835
2017,capital,general_government,740177,8815395,266.2337,1.278835
2017,capital,health,166234,8815395,266.2337,1.278835
2017,capital,housing,950461,8815395,266.2337,1.278835
2017,capital,libraries,47188,8815395,266.2337,1.278835
2017,capital,other_capital,0,8815395,266.2337,1.278835
2017,capital,parks,667479,8815395,266.2337,1.278835
2017,capital,public_safety,364833,8815395,266.2337,1.278835
2017,capital,social_services,111756,8815395,266.2337,1.278835
2017,capital,transportation,1230435,8815395,266.2337,1.278835
2017,capital,capital_aid_revenue,633224,8815395,266.2337,1.278835
2017,revenue,business_taxes,7120621,8815395,266.2337,1.278835
2017,revenue,charges_for_services,2711428,8815395,266.2337,1.278835
2017,revenue,disallowances,557638,8815395,266.2337,1.278835
2017,revenue,federal_aid,7728070,8815395,266.2337,1.278835
2017,revenue,fines_forfeitures,984856,8815395,266.2337,1.278835
2017,revenue,investment_income,73125,8815395,266.2337,1.278835
2017,revenue,licenses_permits,770181,8815395,266.2337,1.278835
2017,revenue,other_financing,438631,8815395,266.2337,1.278835
2017,revenue,other_grants,1068703,8815395,266.2337,1.278835
2017,revenue,other_revenues,424218,8815395,266.2337,1.278835
2017,revenue,other_taxes,3254991,8815395,266.2337,1.278835
2017,revenue,personal_income_tax,11257809,8815395,266.2337,1.278835
2017,revenue,property_tax,24679412,8815395,266.2337,1.278835
2017,revenue,sales_tax,8296436,8815395,266.2337,1.278835
2017,revenue,state_aid,13990045,8815395,266.2337,1.278835
2017,revenue,tax_penalties,53136,8815395,266.2337,1.278835
2017,revenue,tobacco_settlement,0,8815395,266.2337,1.278835
2017,revenue,unrestricted_aid,59058,8815395,266.2337,1.278835
2017,borrowing,bond_premium,1356796,8815395,266.2337,1.278835
2017,borrowing,bonds_issued,6681000,8815395,266.2337,1.278835
2017,borrowing,refunding_debt,0,8815395,266.2337,1.278835
2018,operating,city_university,1087245,8826377,270.9658,1.256501
2018,operating,education,25026392,8826377,270.9658,1.256501
2018,operating,environmental,3015468,8826377,270.9658,1.256501
2018,operating,fringe_benefits,5717327,8826377,270.9658,1.256501
2018,operating,general_government,3494774,8826377,270.9658,1.256501
2018,operating,health,2401172,8826377,270.9658,1.256501
2018,operating,housing,1217385,8826377,270.9658,1.256501
2018,operating,judgments,730382,8826377,270.9658,1.256501
2018,operating,lease_payments,129727,8826377,270.9658,1.256501
2018,operating,libraries,377876,8826377,270.9658,1.256501
2018,operating,other_misc,379538,8826377,270.9658,1.256501
2018,operating,parks,621978,8826377,270.9658,1.256501
2018,operating,pensions,9513308,8826377,270.9658,1.256501
2018,operating,public_safety,10023512,8826377,270.9658,1.256501
2018,operating,social_services,15207720,8826377,270.9658,1.256501
2018,operating,transportation,1757171,8826377,270.9658,1.256501
2018,operating,debt_service,7230316,8826377,270.9658,1.256501
2018,capital,education,2419914,8826377,270.9658,1.256501
2018,capital,environmental,1977403,8826377,270.9658,1.256501
2018,capital,general_government,822837,8826377,270.9658,1.256501
2018,capital,health,248654,8826377,270.9658,1.256501
2018,capital,housing,1411642,8826377,270.9658,1.256501
2018,capital,libraries,41066,8826377,270.9658,1.256501
2018,capital,other_capital,0,8826377,270.9658,1.256501
2018,capital,parks,532215,8826377,270.9658,1.256501
2018,capital,public_safety,395292,8826377,270.9658,1.256501
2018,capital,social_services,274657,8826377,270.9658,1.256501
2018,capital,transportation,1516057,8826377,270.9658,1.256501
2018,capital,capital_aid_revenue,540739,8826377,270.9658,1.256501
2018,revenue,business_taxes,7328895,8826377,270.9658,1.256501
2018,revenue,charges_for_services,2711697,8826377,270.9658,1.256501
2018,revenue,disallowances,139428,8826377,270.9658,1.256501
2018,revenue,federal_aid,7767631,8826377,270.9658,1.256501
2018,revenue,fines_forfeitures,1027457,8826377,270.9658,1.256501
2018,revenue,investment_income,125353,8826377,270.9658,1.256501
2018,revenue,licenses_permits,775542,8826377,270.9658,1.256501
2018,revenue,other_financing,456815,8826377,270.9658,1.256501
2018,revenue,other_grants,1105047,8826377,270.9658,1.256501
2018,revenue,other_revenues,270345,8826377,270.9658,1.256501
2018,revenue,other_taxes,3249272,8826377,270.9658,1.256501
2018,revenue,personal_income_tax,13411315,8826377,270.9658,1.256501
2018,revenue,property_tax,26407630,8826377,270.9658,1.256501
2018,revenue,sales_tax,8650471,8826377,270.9658,1.256501
2018,revenue,state_aid,14453133,8826377,270.9658,1.256501
2018,revenue,tax_penalties,56364,8826377,270.9658,1.256501
2018,revenue,tobacco_settlement,0,8826377,270.9658,1.256501
2018,revenue,unrestricted_aid,0,8826377,270.9658,1.256501
2018,borrowing,bond_premium,1295802,8826377,270.9658,1.256501
2018,borrowing,bonds_issued,7415000,8826377,270.9658,1.256501
2018,borrowing,refunding_debt,0,8826377,270.9658,1.256501
2019,operating,city_university,1114118,8824751,275.7693,1.234615
2019,operating,education,26905467,8824751,275.7693,1.234615
2019,operating,environmental,3087739,8824751,275.7693,1.234615
2019,operating,fringe_benefits,5742655,8824751,275.7693,1.234615
2019,operating,general_government,3436484,8824751,275.7693,1.234615
2019,operating,health,2656358,8824751,275.7693,1.234615
2019,operating,housing,1230321,8824751,275.7693,1.234615
2019,operating,judgments,705751,8824751,275.7693,1.234615
2019,operating,lease_payments,96489,8824751,275.7693,1.234615
2019,operating,libraries,397996,8824751,275.7693,1.234615
2019,operating,other_misc,651012,8824751,275.7693,1.234615
2019,operating,parks,646480,8824751,275.7693,1.234615
2019,operating,pensions,9828626,8824751,275.7693,1.234615
2019,operating,public_safety,10358049,8824751,275.7693,1.234615
2019,operating,social_services,15832746,8824751,275.7693,1.234615
2019,operating,transportation,2067874,8824751,275.7693,1.234615
2019,operating,debt_service,7021054,8824751,275.7693,1.234615
2019,capital,education,2891378,8824751,275.7693,1.234615
2019,capital,environmental,2234602,8824751,275.7693,1.234615
2019,capital,general_government,904761,8824751,275.7693,1.234615
2019,capital,health,334071,8824751,275.7693,1.234615
2019,capital,housing,1680761,8824751,275.7693,1.234615
2019,capital,libraries,108211,8824751,275.7693,1.234615
2019,capital,other_capital,0,8824751,275.7693,1.234615
2019,capital,parks,616540,8824751,275.7693,1.234615
2019,capital,public_safety,298179,8824751,275.7693,1.234615
2019,capital,social_services,167414,8824751,275.7693,1.234615
2019,capital,transportation,1612366,8824751,275.7693,1.234615
2019,capital,capital_aid_revenue,418727,8824751,275.7693,1.234615
2019,revenue,business_taxes,7416265,8824751,275.7693,1.234615
2019,revenue,charges_for_services,2801290,8824751,275.7693,1.234615
2019,revenue,disallowances,112543,8824751,275.7693,1.234615
2019,revenue,federal_aid,7521888,8824751,275.7693,1.234615
2019,revenue,fines_forfeitures,1108728,8824751,275.7693,1.234615
2019,revenue,investment_income,225904,8824751,275.7693,1.234615
2019,revenue,licenses_permits,802351,8824751,275.7693,1.234615
2019,revenue,other_financing,440501,8824751,275.7693,1.234615
2019,revenue,other_grants,1200077,8824751,275.7693,1.234615
2019,revenue,other_revenues,956681,8824751,275.7693,1.234615
2019,revenue,other_taxes,3668483,8824751,275.7693,1.234615
2019,revenue,personal_income_tax,13376944,8824751,275.7693,1.234615
2019,revenue,property_tax,27884735,8824751,275.7693,1.234615
2019,revenue,sales_tax,9082780,8824751,275.7693,1.234615
2019,revenue,state_aid,14970300,8824751,275.7693,1.234615
2019,revenue,tax_penalties,64293,8824751,275.7693,1.234615
2019,revenue,tobacco_settlement,0,8824751,275.7693,1.234615
2019,revenue,unrestricted_aid,150539,8824751,275.7693,1.234615
2019,borrowing,bond_premium,956385,8824751,275.7693,1.234615
2019,borrowing,bonds_issued,6215350,8824751,275.7693,1.234615
2019,borrowing,refunding_debt,0,8824751,275.7693,1.234615
2020,operating,city_university,1116523,8751188,280.6452,1.213165
2020,operating,education,27903295,8751188,280.6452,1.213165
2020,operating,environmental,3379569,8751188,280.6452,1.213165
2020,operating,fringe_benefits,5476722,8751188,280.6452,1.213165
2020,operating,general_government,4541574,8751188,280.6452,1.213165
2020,operating,health,2519934,8751188,280.6452,1.213165
2020,operating,housing,1291275,8751188,280.6452,1.213165
2020,operating,judgments,708970,8751188,280.6452,1.213165
2020,operating,lease_payments,100582,8751188,280.6452,1.213165
2020,operating,libraries,427184,8751188,280.6452,1.213165
2020,operating,other_misc,1700597,8751188,280.6452,1.213165
2020,operating,parks,657748,8751188,280.6452,1.213165
2020,operating,pensions,9671638,8751188,280.6452,1.213165
2020,operating,public_safety,10790905,8751188,280.6452,1.213165
2020,operating,social_services,15631055,8751188,280.6452,1.213165
2020,operating,transportation,1931869,8751188,280.6452,1.213165
2020,operating,debt_service,7249511,8751188,280.6452,1.213165
2020,capital,education,2905421,8751188,280.6452,1.213165
2020,capital,environmental,2048321,8751188,280.6452,1.213165
2020,capital,general_government,801072,8751188,280.6452,1.213165
2020,capital,health,401963,8751188,280.6452,1.213165
2020,capital,housing,904215,8751188,280.6452,1.213165
2020,capital,libraries,135571,8751188,280.6452,1.213165
2020,capital,other_capital,0,8751188,280.6452,1.213165
2020,capital,parks,666500,8751188,280.6452,1.213165
2020,capital,public_safety,367475,8751188,280.6452,1.213165
2020,capital,social_services,107290,8751188,280.6452,1.213165
2020,capital,transportation,1435964,8751188,280.6452,1.213165
2020,capital,capital_aid_revenue,674839,8751188,280.6452,1.213165
2020,revenue,business_taxes,7861996,8751188,280.6452,1.213165
2020,revenue,charges_for_services,2855437,8751188,280.6452,1.213165
2020,revenue,disallowances,-5082,8751188,280.6452,1.213165
2020,revenue,federal_aid,9394737,8751188,280.6452,1.213165
2020,revenue,fines_forfeitures,1079165,8751188,280.6452,1.213165
2020,revenue,investment_income,136599,8751188,280.6452,1.213165
2020,revenue,licenses_permits,699408,8751188,280.6452,1.213165
2020,revenue,other_financing,439992,8751188,280.6452,1.213165
2020,revenue,other_grants,969322,8751188,280.6452,1.213165
2020,revenue,other_revenues,1054078,8751188,280.6452,1.213165
2020,revenue,other_taxes,3259365,8751188,280.6452,1.213165
2020,revenue,personal_income_tax,13591179,8751188,280.6452,1.213165
2020,revenue,property_tax,29815935,8751188,280.6452,1.213165
2020,revenue,sales_tax,8478110,8751188,280.6452,1.213165
2020,revenue,state_aid,15333953,8751188,280.6452,1.213165
2020,revenue,tax_penalties,83087,8751188,280.6452,1.213165
2020,revenue,tobacco_settlement,0,8751188,280.6452,1.213165
2020,revenue,unrestricted_aid,10861,8751188,280.6452,1.213165
2020,borrowing,bond_premium,1258858,8751188,280.6452,1.213165
2020,borrowing,bonds_issued,7606805,8751188,280.6452,1.213165
2020,borrowing,refunding_debt,0,8751188,280.6452,1.213165
2021,operating,city_university,1059713,8447958,286.4376,1.188632
2021,operating,education,28288081,8447958,286.4376,1.188632
2021,operating,environmental,3696519,8447958,286.4376,1.188632
2021,operating,fringe_benefits,6846447,8447958,286.4376,1.188632
2021,operating,general_government,4429366,8447958,286.4376,1.188632
2021,operating,health,4553923,8447958,286.4376,1.188632
2021,operating,housing,1297974,8447958,286.4376,1.188632
2021,operating,judgments,617866,8447958,286.4376,1.188632
2021,operating,lease_payments,97051,8447958,286.4376,1.188632
2021,operating,libraries,423470,8447958,286.4376,1.188632
2021,operating,other_misc,1847130,8447958,286.4376,1.188632
2021,operating,parks,618506,8447958,286.4376,1.188632
2021,operating,pensions,9333663,8447958,286.4376,1.188632
2021,operating,public_safety,10548189,8447958,286.4376,1.188632
2021,operating,social_services,15474532,8447958,286.4376,1.188632
2021,operating,transportation,1971496,8447958,286.4376,1.188632
2021,operating,debt_service,8896883,8447958,286.4376,1.188632
2021,capital,education,2400568,8447958,286.4376,1.188632
2021,capital,environmental,2067857,8447958,286.4376,1.188632
2021,capital,general_government,929742,8447958,286.4376,1.188632
2021,capital,health,498521,8447958,286.4376,1.188632
2021,capital,housing,1142519,8447958,286.4376,1.188632
2021,capital,libraries,112037,8447958,286.4376,1.188632
2021,capital,other_capital,0,8447958,286.4376,1.188632
2021,capital,parks,600311,8447958,286.4376,1.188632
2021,capital,public_safety,317189,8447958,286.4376,1.188632
2021,capital,social_services,96478,8447958,286.4376,1.188632
2021,capital,transportation,1266014,8447958,286.4376,1.188632
2021,capital,capital_aid_revenue,655568,8447958,286.4376,1.188632
2021,revenue,business_taxes,8594422,8447958,286.4376,1.188632
2021,revenue,charges_for_services,2797459,8447958,286.4376,1.188632
2021,revenue,disallowances,-24062,8447958,286.4376,1.188632
2021,revenue,federal_aid,12439765,8447958,286.4376,1.188632
2021,revenue,fines_forfeitures,1035672,8447958,286.4376,1.188632
2021,revenue,investment_income,14743,8447958,286.4376,1.188632
2021,revenue,licenses_permits,625146,8447958,286.4376,1.188632
2021,revenue,other_financing,404702,8447958,286.4376,1.188632
2021,revenue,other_grants,1080186,8447958,286.4376,1.188632
2021,revenue,other_revenues,1081818,8447958,286.4376,1.188632
2021,revenue,other_taxes,2626487,8447958,286.4376,1.188632
2021,revenue,personal_income_tax,15140380,8447958,286.4376,1.188632
2021,revenue,property_tax,31464469,8447958,286.4376,1.188632
2021,revenue,sales_tax,7602688,8447958,286.4376,1.188632
2021,revenue,state_aid,14596947,8447958,286.4376,1.188632
2021,revenue,tax_penalties,105421,8447958,286.4376,1.188632
2021,revenue,tobacco_settlement,0,8447958,286.4376,1.188632
2021,revenue,unrestricted_aid,968,8447958,286.4376,1.188632
2021,borrowing,bond_premium,2037022,8447958,286.4376,1.188632
2021,borrowing,bonds_issued,5493124,8447958,286.4376,1.188632
2021,borrowing,refunding_debt,0,8447958,286.4376,1.188632
2022,operating,city_university,1108582,8362665,300.8956,1.131518
2022,operating,education,31305761,8362665,300.8956,1.131518
2022,operating,environmental,3372612,8362665,300.8956,1.131518
2022,operating,fringe_benefits,8556605,8362665,300.8956,1.131518
2022,operating,general_government,4225605,8362665,300.8956,1.131518
2022,operating,health,4698680,8362665,300.8956,1.131518
2022,operating,housing,1361882,8362665,300.8956,1.131518
2022,operating,judgments,1241765,8362665,300.8956,1.131518
2022,operating,lease_payments,139906,8362665,300.8956,1.131518
2022,operating,libraries,424442,8362665,300.8956,1.131518
2022,operating,other_misc,1608436,8362665,300.8956,1.131518
2022,operating,parks,719905,8362665,300.8956,1.131518
2022,operating,pensions,9599122,8362665,300.8956,1.131518
2022,operating,public_safety,11936786,8362665,300.8956,1.131518
2022,operating,social_services,16573806,8362665,300.8956,1.131518
2022,operating,transportation,2059277,8362665,300.8956,1.131518
2022,operating,debt_service,6991664,8362665,300.8956,1.131518
2022,capital,education,3113584,8362665,300.8956,1.131518
2022,capital,environmental,1960447,8362665,300.8956,1.131518
2022,capital,general_government,1062946,8362665,300.8956,1.131518
2022,capital,health,502228,8362665,300.8956,1.131518
2022,capital,housing,1017632,8362665,300.8956,1.131518
2022,capital,libraries,157250,8362665,300.8956,1.131518
2022,capital,other_capital,0,8362665,300.8956,1.131518
2022,capital,parks,561261,8362665,300.8956,1.131518
2022,capital,public_safety,591556,8362665,300.8956,1.131518
2022,capital,social_services,58807,8362665,300.8956,1.131518
2022,capital,transportation,1504288,8362665,300.8956,1.131518
2022,capital,capital_aid_revenue,561514,8362665,300.8956,1.131518
2022,revenue,business_taxes,9523327,8362665,300.8956,1.131518
2022,revenue,charges_for_services,2696770,8362665,300.8956,1.131518
2022,revenue,disallowances,-34846,8362665,300.8956,1.131518
2022,revenue,federal_aid,15047371,8362665,300.8956,1.131518
2022,revenue,fines_forfeitures,1230479,8362665,300.8956,1.131518
2022,revenue,investment_income,16022,8362665,300.8956,1.131518
2022,revenue,licenses_permits,651202,8362665,300.8956,1.131518
2022,revenue,other_financing,433127,8362665,300.8956,1.131518
2022,revenue,other_grants,736897,8362665,300.8956,1.131518
2022,revenue,other_revenues,508948,8362665,300.8956,1.131518
2022,revenue,other_taxes,3653959,8362665,300.8956,1.131518
2022,revenue,personal_income_tax,16733563,8362665,300.8956,1.131518
2022,revenue,property_tax,29582214,8362665,300.8956,1.131518
2022,revenue,sales_tax,10008292,8362665,300.8956,1.131518
2022,revenue,state_aid,15847403,8362665,300.8956,1.131518
2022,revenue,tax_penalties,95525,8362665,300.8956,1.131518
2022,revenue,tobacco_settlement,0,8362665,300.8956,1.131518
2022,revenue,unrestricted_aid,498400,8362665,300.8956,1.131518
2022,borrowing,bond_premium,1533073,8362665,300.8956,1.131518
2022,borrowing,bonds_issued,6232201,8362665,300.8956,1.131518
2022,borrowing,refunding_debt,0,8362665,300.8956,1.131518
2023,operating,city_university,1125903,8433834,316.8109,1.074675
2023,operating,education,30975740,8433834,316.8109,1.074675
2023,operating,environmental,3369891,8433834,316.8109,1.074675
2023,operating,fringe_benefits,7774282,8433834,316.8109,1.074675
2023,operating,general_government,4388563,8433834,316.8109,1.074675
2023,operating,health,4083742,8433834,316.8109,1.074675
2023,operating,housing,1491109,8433834,316.8109,1.074675
2023,operating,judgments,1208575,8433834,316.8109,1.074675
2023,operating,lease_payments,81977,8433834,316.8109,1.074675
2023,operating,libraries,466191,8433834,316.8109,1.074675
2023,operating,other_misc,3144392,8433834,316.8109,1.074675
2023,operating,parks,744230,8433834,316.8109,1.074675
2023,operating,pensions,8988063,8433834,316.8109,1.074675
2023,operating,public_safety,12069764,8433834,316.8109,1.074675
2023,operating,social_services,18105165,8433834,316.8109,1.074675
2023,operating,transportation,2153586,8433834,316.8109,1.074675
2023,operating,debt_service,8005895,8433834,316.8109,1.074675
2023,capital,education,3723540,8433834,316.8109,1.074675
2023,capital,environmental,1848066,8433834,316.8109,1.074675
2023,capital,general_government,1354322,8433834,316.8109,1.074675
2023,capital,health,610583,8433834,316.8109,1.074675
2023,capital,housing,1734810,8433834,316.8109,1.074675
2023,capital,libraries,109332,8433834,316.8109,1.074675
2023,capital,other_capital,0,8433834,316.8109,1.074675
2023,capital,parks,687847,8433834,316.8109,1.074675
2023,capital,public_safety,589925,8433834,316.8109,1.074675
2023,capital,social_services,69406,8433834,316.8109,1.074675
2023,capital,transportation,1421897,8433834,316.8109,1.074675
2023,capital,capital_aid_revenue,541678,8433834,316.8109,1.074675
2023,revenue,business_taxes,12712713,8433834,316.8109,1.074675
2023,revenue,charges_for_services,2839757,8433834,316.8109,1.074675
2023,revenue,disallowances,-13374,8433834,316.8109,1.074675
2023,revenue,federal_aid,9974243,8433834,316.8109,1.074675
2023,revenue,fines_forfeitures,1455293,8433834,316.8109,1.074675
2023,revenue,investment_income,508143,8433834,316.8109,1.074675
2023,revenue,licenses_permits,763031,8433834,316.8109,1.074675
2023,revenue,other_financing,458061,8433834,316.8109,1.074675
2023,revenue,other_grants,885031,8433834,316.8109,1.074675
2023,revenue,other_revenues,674796,8433834,316.8109,1.074675
2023,revenue,other_taxes,3565630,8433834,316.8109,1.074675
2023,revenue,personal_income_tax,14828978,8433834,316.8109,1.074675
2023,revenue,property_tax,31644665,8433834,316.8109,1.074675
2023,revenue,sales_tax,10585017,8433834,316.8109,1.074675
2023,revenue,state_aid,17069570,8433834,316.8109,1.074675
2023,revenue,tax_penalties,99774,8433834,316.8109,1.074675
2023,revenue,tobacco_settlement,0,8433834,316.8109,1.074675
2023,revenue,unrestricted_aid,186282,8433834,316.8109,1.074675
2023,borrowing,bond_premium,969949,8433834,316.8109,1.074675
2023,borrowing,bonds_issued,7721170,8433834,316.8109,1.074675
2023,borrowing,refunding_debt,0,8433834,316.8109,1.074675
2024,operating,city_university,1128939,8596825,327.6762,1.039041
2024,operating,education,32865967,8596825,327.6762,1.039041
2024,operating,environmental,3468515,8596825,327.6762,1.039041
2024,operating,fringe_benefits,7779718,8596825,327.6762,1.039041
2024,operating,general_government,4793947,8596825,327.6762,1.039041
2024,operating,health,5167845,8596825,327.6762,1.039041
2024,operating,housing,2026135,8596825,327.6762,1.039041
2024,operating,judgments,1516775,8596825,327.6762,1.039041
2024,operating,lease_payments,96135,8596825,327.6762,1.039041
2024,operating,libraries,458236,8596825,327.6762,1.039041
2024,operating,other_misc,1211790,8596825,327.6762,1.039041
2024,operating,parks,772622,8596825,327.6762,1.039041
2024,operating,pensions,9215445,8596825,327.6762,1.039041
2024,operating,public_safety,12355921,8596825,327.6762,1.039041
2024,operating,social_services,19822219,8596825,327.6762,1.039041
2024,operating,transportation,2590771,8596825,327.6762,1.039041
2024,operating,debt_service,7702003,8596825,327.6762,1.039041
2024,capital,education,4236705,8596825,327.6762,1.039041
2024,capital,environmental,2141351,8596825,327.6762,1.039041
2024,capital,general_government,1471157,8596825,327.6762,1.039041
2024,capital,health,545677,8596825,327.6762,1.039041
2024,capital,housing,2700659,8596825,327.6762,1.039041
2024,capital,libraries,143742,8596825,327.6762,1.039041
2024,capital,other_capital,0,8596825,327.6762,1.039041
2024,capital,parks,750367,8596825,327.6762,1.039041
2024,capital,public_safety,635460,8596825,327.6762,1.039041
2024,capital,social_services,96615,8596825,327.6762,1.039041
2024,capital,transportation,1802731,8596825,327.6762,1.039041
2024,capital,capital_aid_revenue,883408,8596825,327.6762,1.039041
2024,revenue,business_taxes,12771685,8596825,327.6762,1.039041
2024,revenue,charges_for_services,3147299,8596825,327.6762,1.039041
2024,revenue,disallowances,-12590,8596825,327.6762,1.039041
2024,revenue,federal_aid,11294052,8596825,327.6762,1.039041
2024,revenue,fines_forfeitures,1366674,8596825,327.6762,1.039041
2024,revenue,investment_income,696027,8596825,327.6762,1.039041
2024,revenue,licenses_permits,716624,8596825,327.6762,1.039041
2024,revenue,other_financing,426826,8596825,327.6762,1.039041
2024,revenue,other_grants,985368,8596825,327.6762,1.039041
2024,revenue,other_revenues,745233,8596825,327.6762,1.039041
2024,revenue,other_taxes,3592052,8596825,327.6762,1.039041
2024,revenue,personal_income_tax,14052723,8596825,327.6762,1.039041
2024,revenue,property_tax,32987024,8596825,327.6762,1.039041
2024,revenue,sales_tax,10666812,8596825,327.6762,1.039041
2024,revenue,state_aid,19230757,8596825,327.6762,1.039041
2024,revenue,tax_penalties,106434,8596825,327.6762,1.039041
2024,revenue,tobacco_settlement,0,8596825,327.6762,1.039041
2024,revenue,unrestricted_aid,41233,8596825,327.6762,1.039041
2024,borrowing,bond_premium,1044404,8596825,327.6762,1.039041
2024,borrowing,bonds_issued,10424500,8596825,327.6762,1.039041
2024,borrowing,refunding_debt,0,8596825,327.6762,1.039041
2025,operating,city_university,1261522,8584629,340.4688,1.0
2025,operating,education,34051680,8584629,340.4688,1.0
2025,operating,environmental,3632911,8584629,340.4688,1.0
2025,operating,fringe_benefits,8688731,8584629,340.4688,1.0
2025,operating,general_government,5111504,8584629,340.4688,1.0
2025,operating,health,5476794,8584629,340.4688,1.0
2025,operating,housing,2092768,8584629,340.4688,1.0
2025,operating,judgments,1376184,8584629,340.4688,1.0
2025,operating,lease_payments,85865,8584629,340.4688,1.0
2025,operating,libraries,500156,8584629,340.4688,1.0
2025,operating,other_misc,332272,8584629,340.4688,1.0
2025,operating,parks,848435,8584629,340.4688,1.0
2025,operating,pensions,9915575,8584629,340.4688,1.0
2025,operating,public_safety,12838701,8584629,340.4688,1.0
2025,operating,social_services,20642060,8584629,340.4688,1.0
2025,operating,transportation,2754999,8584629,340.4688,1.0
2025,operating,debt_service,8080015,8584629,340.4688,1.0
2025,capital,education,3858377,8584629,340.4688,1.0
2025,capital,environmental,2382483,8584629,340.4688,1.0
2025,capital,general_government,1446293,8584629,340.4688,1.0
2025,capital,health,590502,8584629,340.4688,1.0
2025,capital,housing,2875769,8584629,340.4688,1.0
2025,capital,libraries,103519,8584629,340.4688,1.0
2025,capital,other_capital,0,8584629,340.4688,1.0
2025,capital,parks,795473,8584629,340.4688,1.0
2025,capital,public_safety,1281529,8584629,340.4688,1.0
2025,capital,social_services,199545,8584629,340.4688,1.0
2025,capital,transportation,2044516,8584629,340.4688,1.0
2025,capital,capital_aid_revenue,788771,8584629,340.4688,1.0
2025,revenue,business_taxes,14119409,8584629,340.4688,1.0
2025,revenue,charges_for_services,3501088,8584629,340.4688,1.0
2025,revenue,disallowances,-6534,8584629,340.4688,1.0
2025,revenue,federal_aid,9082951,8584629,340.4688,1.0
2025,revenue,fines_forfeitures,1424628,8584629,340.4688,1.0
2025,revenue,investment_income,640780,8584629,340.4688,1.0
2025,revenue,licenses_permits,736942,8584629,340.4688,1.0
2025,revenue,other_financing,451488,8584629,340.4688,1.0
2025,revenue,other_grants,796351,8584629,340.4688,1.0
2025,revenue,other_revenues,641850,8584629,340.4688,1.0
2025,revenue,other_taxes,3897773,8584629,340.4688,1.0
2025,revenue,personal_income_tax,16102462,8584629,340.4688,1.0
2025,revenue,property_tax,34756900,8584629,340.4688,1.0
2025,revenue,sales_tax,11264198,8584629,340.4688,1.0
2025,revenue,state_aid,20022019,8584629,340.4688,1.0
2025,revenue,tax_penalties,174718,8584629,340.4688,1.0
2025,revenue,tobacco_settlement,0,8584629,340.4688,1.0
2025,revenue,unrestricted_aid,52693,8584629,340.4688,1.0
2025,borrowing,bond_premium,1562536,8584629,340.4688,1.0
2025,borrowing,bonds_issued,15518392,8584629,340.4688,1.0
2025,borrowing,refunding_debt,0,8584629,340.4688,1.0
